{"data_min_": [58.34], "data_max_": [86.58], "scale_": [0.035410764872521254], "min_": [-2.06586402266289]}