{"data_min_": [22.02], "data_max_": [29.72], "scale_": [0.12987012987012989], "min_": [-2.85974025974026]}